education_level,total,selected,selection_rate,impact_ratio,status
Bachelors,129827,91723,0.7065017292242753,0.9989908055132732,✅ PASS
Masters,60333,42530,0.7049210216631031,0.9967556909275663,✅ PASS
PhD,9840,6959,0.7072154471544716,1,✅ PASS
